{"cameraMode":{"drawMode":0,"name":"Shaded","section":"Shading Mode"},"sceneLighting":false,"audioPlay":false,"sceneViewState":{"m_AlwaysRefresh":false,"showFog":true,"showSkybox":true,"showFlares":true,"showImageEffects":true,"showParticleSystems":true,"showVisualEffectGraphs":true,"m_FxEnabled":false},"in2DMode":false,"pivot":{"x":1026.9522705078125,"y":1083.45361328125,"z":0.9202880859375},"rotation":{"x":0.15180771052837373,"y":0.005932332947850227,"z":-0.0009020371944643557,"w":0.9884029626846314},"size":1978.9378662109375,"orthographic":true}