{"cameraMode":{"drawMode":0,"name":"Shaded","section":"Shading Mode"},"sceneLighting":false,"audioPlay":false,"sceneViewState":{"m_AlwaysRefresh":false,"showFog":true,"showSkybox":false,"showFlares":true,"showImageEffects":true,"showParticleSystems":true,"showVisualEffectGraphs":true,"m_FxEnabled":false},"in2DMode":false,"pivot":{"x":3.5223875045776369,"y":0.030353426933288575,"z":0.2247290313243866},"rotation":{"x":-0.43255436420440676,"y":0.2375984936952591,"z":-0.11929109692573548,"w":-0.861525297164917},"size":0.6226752996444702,"orthographic":false}